Mary, 0999300598, E
Anna, 0931146297, D
Emma, 0938440803, A
Elizabeth, 0984919577, F
Minnie, 0964324938, F
Margaret, 0958799318, F
Ida, 0930169958, D
Alice, 0941584837, E
Bertha, 0919600717, F
Sarah, 0982713859, F
Annie, 0913581759, F
Clara, 0930143768, F
Ella, 0911595901, D
Florence, 0975794542, F
Cora, 0924996472, F
Martha, 0979833317, F
Laura, 0949122844, C
Nellie, 0975077735, F
Grace, 0954346232, B
Carrie, 0968749916, B
Maude, 0980047308, E
Mabel, 0942657606, F
Bessie, 0912613348, A
Jennie, 0961422992, F
Gertrude, 0931668058, C
Julia, 0995345691, C
Hattie, 0943373213, F
Edith, 0971150356, B
Mattie, 0948591195, F
Rose, 0988432224, F
Catherine, 0992070950, F
Lillian, 0942882089, F
Ada, 0947548558, F
Lillie, 0994873836, E
Helen, 0919317293, B
Jessie, 0929546323, A
Louise, 0979402267, F
Ethel, 0943296400, A
Lula, 0939614897, F
Myrtle, 0918384888, E
Eva, 0960419444, F
Frances, 0927167299, A
Lena, 0940332552, D
Lucy, 0953597108, F
Edna, 0994299376, F
Maggie, 0918471827, D
Pearl, 0944787750, C
Daisy, 0992266049, B
Fannie, 0922322235, F
Josephine, 0953250914, F
Dora, 0997264399, F
Rosa, 0942992537, B
Katherine, 0982722156, F
Agnes, 0992971078, E
Marie, 0988714406, F
Nora, 0955875321, C
May, 0947792435, C
Mamie, 0942477646, C
Blanche, 0922849708, A
Stella, 0945621738, B
Ellen, 0911733908, F
Nancy, 0963207157, A
Effie, 0997669638, F
Sallie, 0952993164, E
Nettie, 0950735063, C
Della, 0946954897, E
Lizzie, 0991322470, A
Flora, 0917253093, A
Susie, 0954501580, F
Maud, 0923650689, A
Mae, 0995417225, B
Etta, 0984261776, F
Harriet, 0954742035, B
Sadie, 0977513656, A
Caroline, 0975666590, F
Katie, 0980502843, F
Lydia, 0967025354, A
Elsie, 0982861878, A
Kate, 0936115619, A
Susan, 0969523171, A
Mollie, 0998670160, F
Alma, 0936274238, B
Addie, 0949066388, F
Georgia, 0973766589, D
Eliza, 0910683874, B
Lulu, 0969025397, A
Nannie, 0926013817, A
Lottie, 0966561211, F
Amanda, 0933463167, F
Belle, 0974378642, F
Charlotte, 0932421500, D
Rebecca, 0977144525, F
Ruth, 0919211546, F
Viola, 0947216310, F
Olive, 0929903951, F
Amelia, 0931145082, E
Hannah, 0962499935, A
Jane, 0989166475, F
Virginia, 0966861296, F
Emily, 0921791661, A
